<?xml version="1.0"?>
<odoo noupdate="1">
<!--	<record id="cron_download_data" model="ir.cron">-->
<!--		<field name="name">Download Data</field>-->
<!--		<field eval="True" name="active"/>-->
<!--		<field name="user_id" ref="base.user_admin"/>-->
<!--		<field name="interval_number">1</field>-->
<!--		<field name="interval_type">days</field>-->
<!--		<field name="numbercall">-1</field>-->
<!--		<field name="model_id" ref="hr_zk_attendance.model_zk_machine"/>-->
<!--		<field name="state">code</field>-->
<!--		<field name="code">model.cron_download()</field>-->
<!--	</record>-->
	<record id="id_cron_download_data" model="ir.cron">
            <field name="name">Download Data ZK</field>
            <field name="model_id" ref="hr_zk_attendance_khaled.model_zk_machine"/>
            <field name="state">code</field>
            <field name="code">model.cron_download()</field>
            <field name="interval_number">1</field>
            <field name="interval_type">days</field>
            <field name="numbercall">-1</field>
            <field eval="False" name="doall" />
        </record>
</odoo>
